ID,Diagram Type,Consistency Type,Rule Type,Rule
1,St,Invocation,Semantic,"Consider two State Machines U′ and U of a class O′ and its superclass O, where U′ extends the state machine of U by adding states and transitions. The initial states of the state machine diagrams U′ and U must be identical."
2,St,Invocation,Semantic,"Consider two State Machines U′ and U of a class O′ and its superclass O, where U′ extends the state machine of U by adding states and transitions. Every transition of U′ which is already in U has at least the same source states and sink states as it has in U."
3,St,Invocation,Semantic,"Consider two State Machines U′ and U of a class O′ and its superclass O, where U′ extends the state machine of U by adding states and transitions. For each transition t in U′ that is already present in U, the guard condition g′(t) in U′ must be at least as strong as the guard condition g(t) for t in U: g′(t) → g(t)"
4,St,Invocation,Semantic,"Consider two State Machines U′ and U of a class O′ and its superclass O, where U′ extends the state machine of U by adding states and transitions. A transition of U in U′ cannot therefore receive an additional source state or sink state that is already present in U."
5,St,Invocation,Semantic,"Consider two State Machines U′ and U of a class O′ and its superclass O, where U′ extends the state machine of U by adding states and transitions. A transition added to U′ does not receive a source state or a sink state that was already present in U."
6,St,Invocation,Semantic,"Consider two State Machines U′ and U of a class O′ and its superclass O, where U′ extends the state machine of U by adding states and transitions. The set of transitions of U′ is a superset of the set of transitions of U."
7,St,Invocation,Semantic,"Consider two State Machines U′ and U of a class O′ and its superclass O, where U′ extends the state machine of U by adding states and transitions. A transition in U′ which is already present in U has in U′ at most the source states that the transition has in U"
8,St,Invocation,Semantic,"Consider two State Machines U′ and U of a class O′ and its superclass O, where U′ extends the state machine of U by adding states and transitions. For each transition t in U′ that is already present in U, U: g(t) → g′(t)."
9,St,Evolution,Semantic,"Consider two State Machine U″ and U of a class O″ and its superclass O, where U″ refines the state diagram of U by means of a refinement function h that maps transitions onto transitions and states of U″ and that maps simple states of U″ onto simple states of U. Intuitively, the concept of the refinement function means that if a simple state s of U has been refined to a composite state in U″, then h maps the substates of s in U″ and transitions between these states to s, and h maps the transitions in U″ that are incident to the substates of s into transitions of U that are incident to s. s is a state in U, so s Є U (from the rule: ""a simple state s of U"",""s of h(t′)"") E Se s′ is a refined state in U′, so s′ Є U′ (from the rule: ""a state s′ in U′ "",""sink state s′ of t′ in U′ "") Source + (t): t → set of states. Source + (t) = {source of t} U sub-states*{source of t} s′ Є Source + (t) For every transition t′ in S′: for every source state s of h(t′), there exists a state s′ in S′ such that h(s′) = s, and for every sink state s of h(t′) there exists a sink state s′ of t′ in S′ such that h(s′) = s. Informal rule definition: A transition t″ (of U″) that is refined from t (of U) must have s″ (state sender and receiver of U″) that is refined from s (of U) Є Source + (t)."
10,St,Evolution,Semantic,"Consider two State Machine U″ and U of a class O″ and its superclass O, where U″ refines the state diagram of U by means of refinement function h that maps transitions onto transitions and states of U″ and that maps simple states of U″ onto simple states of U. Intuitively, the concept of the refinement function means that if a simple state s of U has been refined to a composite state in U″, then h maps the substates of s in U″ and transitions between these states to s, and h maps the transitions in U″ that are incident to the substates of s into transitions of U that are incident to s. E Se s is a state in U, so s Є U (from the rule: ""a simple state s of U"",""s of h(t′)"") s′ is a refined state in U′, so s′ Є U′ (from the rule: ""a state s′ in U′ "",""sink state s′ of t′ in U′ "") Source + (t): t → set of states. Source + (t) = {source of t} U sub-states*{source of t} s′ Є Source + (t) For every source state s′ of a transition t′ in S″, where s″ and t″ do not belong to the same refined state (i.e., h(s″) / = h(t″)), h(s″) is therefore a source state of h(t″), and for every sink state s″ of a transition t″ in S″, where s′ and t′ do not belong to the same refined state, h(s″) is therefore a sink state of h(t″). Informal rule definition: This rule is about transitions that go between states that are not substates of a complex state that is a refinement of a simple state. The rule says that such transitions have their sources and sinks in U′ as refinements of those ones in U."
11,St,Horizontal,Syntactic,"Using a signal/message on a transition in a state diagram that no object sends, creates structural and syntactic inconsistencies. The information about the sending object can be found in another state machine, in another partition of the same state machine, in a sequence diagram, or any other diagram where one can specify an object can send a signal/message."
12,St,Horizontal,Semantic,A state machine should be deadlock-free.
13,St,Horizontal,Syntactic,"A state machine must be deterministic, that is, in every state, only one transition (accounting for the different levels of nested states) should fire on a reception of an event."
14,St,Horizontal,Syntactic,An abstract operation cannot be invoked in a state machine.
15,Multiple,Horizontal,Syntactic,There is an inconsistency if a precondition on an operation is in contradiction with a state machine or an activity diagram including a call of that operation.
16,Seq and UC,Horizontal,Semantic,"If a use case is further specified by one or more sequence diagram, then every scenario described in one of those sequence diagrams should match a sequence of steps in that use case's use case description."
17,Seq and UC,Horizontal,Syntactic,"If a sequence diagram depicts all the behavior required for successful completion of a use case, it follows that each post-condition specified in the use case description must be achieved by a message (or a set of messages) in the sequence diagram (including referred diagrams) for that use case."
18,Seq and UC,Horizontal,Syntactic,"If a sequence diagram depicts all the behavior required for successful completion of a use case, it follows that results achieved by alternative message flows in the sequence diagram (including referred diagrams) must correspond to post-conditions specified in the use case description."
19,Seq and UC,Horizontal,Semantic,"Each action specified or implied in a use case description should be detailed in a corresponding message or set of messages in the sequence diagram corresponding to that use case. Depending on the clarity and completeness of the use case description text, the author of the sequence diagram may need to infer some of the operations"
20,Seq and UC,Horizontal,Semantic,"A use case is complemented by a set of sequence diagrams, each sequence diagram representing an alternative scenario of the use case."
21,Seq,Horizontal,Syntactic,"Arguments to messages must represent information that is known to the sender. This includes attribute values of the sender, navigation expressions starting with the sender, constants; This should account for inheritance."
22,Seq,Horizontal,Syntactic,"Variables used in the guard of a message must represent information that is known to the sender. This includes attribute values of the sender, navigation expressions starting with the sender, constraints; This should account for inheritance."
23,Seq,Horizontal,Syntactic,"If SD2 is a sequence diagram referred to by an Interaction Use (a nested sequence diagram) embedded in sequence diagram SD1, then for every matched pair of message to and from SD2 in SD1, there is a corresponding matched pair of sourceless message and targetless message in SD2."
24,Seq,Horizontal,Syntactic,"In a sequence diagram, if an attribute is assigned the return value of a message, then the types have to be compatible."
25,Seq,Horizontal,Syntactic,Return messages from ExecutionSpecification instances should always be shown.
26,Seq,Horizontal,Syntactic,Arguments of messages should always be shown.
27,Class and Other,Horizontal,Syntactic,"The number of occurrences of a link in an object diagram, an instance of an association in a class diagram, must satisfy the multiplicity constraints specifed for the association."
28,Class and Other,Horizontal,Syntactic,A class name that appears in an activity diagram also appears in the class diagram.
29,Class and Other,Horizontal,Syntactic,An action that appears in an activity diagram must also appear in the class diagram as an operation of a class.
30,Class and Other,Horizontal,Syntactic,"When an activity diagram specifies an exchange of information, through control or data flow, between two different instances, the class diagram should specify a mechanism (e.g., direct association) so that those instances can indeed communicate."
31,Class and Other,Horizontal,Syntactic,Swimlanes (Activity pattern in UML 2.0) in an Activity diagram (represented as className in activity state) must be present as a unique class in a class diagram.
32,Class and St,Horizontal,Syntactic,"When a state machine specifies the behavior of a class, the actions and activities in the state machine should be operations of the class (in the class diagram) which behavior the state machine specifies. An action or activity can be part of a navigation expression, in which case the navigation expression must legal according to the class diagram and the context (class) of the specified behavior in the state machine."
33,Class and St,Horizontal,Syntactic,"When a state machine specifies the behavior of a class, any property (i.e., attribute, navigation) in the state machine should be one of the class (in the class diagram) which behavior the state machine specifies. A property can be part of a navigation expression, in which case the navigation expression must legal according to the class diagram and the context (class) of the specified behavior in the state machine"
34,Class and St,Horizontal,Syntactic,"When the state machine diagram specifies the behavior of a class in the class diagram, the class is an active class with a classifierBehavior, then the triggers of the transitions in the state machine diagram are operations of the active class."
35,Class and St,Horizontal,Syntactic,"No operation can be called on a state machine or from a state machine if this breaks the visibility rules of the class diagram (public, protected, private)."
36,Class and St,Horizontal,Syntactic,"When behavior is triggered from a state machine diagram (e.g., calling an operation, sending a signal) that describes the behavior of a class, and the triggered behavior belongs to another class, then the former must have a handle to the latter as specified in the class diagram. Another way of saying this is that the former must have visibility to the latter. A specific case of this situation is when the former class has an association (possibly inherited) to the latter class."
37,Class and St,Horizontal,Syntactic,"For a send action, there should be a reception within the classifier of the receiver instance that corresponds to the signal of the send action describing the expected behavior response to the signal."
38,Class and St,Horizontal,Syntactic,"For all call or send events specified in the class diagram for a classifier (context) which behavior is specified with a state machine, there should be transitions in that state machine describing the detailed behavior of the events."
39,Seq and Other,Horizontal,Syntactic,"If an activity diagram shows scenarios of an operation and that operation appears in a sequence diagram, the different diagrams should specify the same scenarios: e.g., same sequence of messages/operations/actions, same branching or repetition conditions"
40,Seq and Other,Horizontal,Syntactic,"If an activity diagram shows scenarios of an operation and that operation appears in a sequence diagram, a flow of interaction between objects in an activity diagram should be a flow of interactions between the same objects in a sequence diagram."
41,Seq and Other,Horizontal,Syntactic,"If an activity diagram shows scenarios of an operation and that operation appears in a sequence diagram, a sequence of messages in the sequence diagram, uninterrupted by control flow structures, must correspond to one activity node in the activity diagram which name is the series of message names of the sequence diagram"
42,Seq and Other,Horizontal,Syntactic,"If an activity diagram shows scenarios of an operation and that operation appears in a sequence diagram, a synchronous message between objects running in different threads of control in the sequence diagram must match a join node for the receiving side (thread) in the corresponding activity diagram, and a fork node for the asynchronous reply."
43,Seq and Other,Horizontal,Syntactic,"If an activity diagram shows scenarios of an operation and that operation appears in a sequence diagram, an asynchronous creation of an active object in the sequence diagram must match a fork node in the corresponding activity diagram: the input action node is matching the calling thread message; two outgoing edges should flow out of the fork node, one for the node matching continuation of execution in the calling thread and one for the node matching the newly created active object."
44,Seq and Other,Horizontal,Syntactic,"If an activity diagram shows scenarios of an operation and that operation appears in a sequence diagram, an asynchronous message sent between two active objects in the sequence diagram should match, in the corresponding activity diagram, a join node on the receiver side and a fork node on the sender side."
45,Seq and Other,Horizontal,Syntactic,"If an activity diagram shows scenarios of an operation and that operation appears in a sequence diagram, a InteractionUse in the sequence diagram must match an activity node in the activity diagram that refers to the activity diagram matching the sequence diagram referred to in the InteractionUse."
46,Multiple,Horizontal,Syntactic,"When one specifies an active class, i.e., one that has a state-based behavior described in a state machine diagram, and an instance of this active class is used in a communication diagram, the messages sent to this object and emitted by this object as specified in the communication diagram must comply to the protocol specified in the state machine diagram."
47,Class and Other,Horizontal,Syntactic,"In order for objects to exchange messages in a communication diagram, the sending object must have a handle to the receiving object as specified in the class diagram. Another way of saying this is that the sender must have visibility to the receiver. A specific case of this situation is when the sending object's class has an association (possibly inherited) to the receiving object's class."
48,Seq and St,Horizontal,Syntactic,"When one specifies an active class, i.e., one that has a state-based behavior described in a state machine diagram, and an instance of this active class is used in a sequence diagram, the messages sent to this object and emitted by this object as specified in the sequence diagram must comply (e.g., sequence and types of signals, receivers and emitters of signals) to the protocol specified in the state machine diagram."
49,Communication,Evolution,Syntactic,"If communication diagram A is a specialization of communication diagram B, all the messages present in B have to be included in A."
50,Class and UC,Horizontal,Syntactic,The noun of the use case's name should equal the name of one class in the class diagram.
51,Class and UC,Horizontal,Syntactic,The verb of the use case's name should equal the name of an operation of a class in the class diagram.
52,Class and UC,Horizontal,Syntactic,Entity classes correspond to data manipulated by the system as described in a use case description.
53,Multiple,Horizontal,Syntactic,"If an activity diagram specifies a flow of interaction between objects, and those objects (or a subset of those objects) appears in a communication diagram, then the communication diagram should specify the same flow of interaction."
54,Class and Other,Horizontal,Syntactic,Objects involved in a communication diagram should be instances of classes of the class diagram.
55,Class and Other,Horizontal,Syntactic,"In order for objects to exchange messages in a communication diagram, the sending object must have a handle to the receiving object as specified in the class diagram. Another way of saying this is that the sender must have visibility to the receiver. A specific case of this situation is when the sending object's class has an association (possibly inherited) to the receiving object's class."
56,Class and Other,Horizontal,Syntactic,Each class in the class diagram appears with at least one instance in at least one communication diagram.
57,Multiple,Horizontal,Syntactic,"If a use case U (the including use case) includes use case V (the included use case) in the use case diagram, and both use case U's flows and use case V's flows are specified as activity diagrams, then the activity diagram specifying use case U should contain an action node (likely a CallBehaviorAction node) that refers to the activity diagram specifying use case V."
58,Multiple,Horizontal,Syntactic,Each use case is described by at least one activity diagram.
59,Multiple,Horizontal,Syntactic,Each event (flow of steps) specified or implied in the use case description should be detailed in a corresponding event of the activity diagram. This rule is valid only if the activity diagram further specifies the use case.
60,Multiple,Horizontal,Syntactic,An actor that is associated with a use case will be an activity partition in the activity diagram describing that use case.
61,UC,Horizontal,Syntactic,"The use case description of a use case in the use case diagram should contain at least one event (flow of steps). Even if a use case description may be shown/ represented in a separate view respect the use case diagram, we consider that a use case comes with a description."
62,UC,Horizontal,Syntactic,"An event (flow of steps) in a use case description of a use case of the use case diagram has to be of either a basic or an alternate type. Even if a use case descriptionmay be shown/represented in a separate view respect the use case diagram, we consider that a use case comes with a description."
63,UC,Horizontal,Syntactic,"Each use case in the use case diagram must have a use case description specifying event fows. Even if a use case description may be shown/represented in a separate view respect the use case diagram, we consider that a use case comes with a description."
64,UC,Horizontal,Syntactic,The name of a use case must include a verb and a noun (for instance “Validate User”).
65,Class,Horizontal,Syntactic,"A class invariant must be satisfied by any non-trivial instantiation of the class diagram (i.e., an instantiation that is not reduced to having no instance of any class)."
66,Class,Vertical,Semantic,"The type of a relationship between two classes at a (high) level of abstraction (e.g., plain association, aggregation, composition, generalization) must be the same as the type of a refinement of that relationship at a more concrete (low) level of abstraction. For instance, a plain association at a low level of abstraction being abstracted as an aggregation (a high level of abstraction) denotes an inconsistency."
67,Class,Horizontal,Syntactic,"A class diagram is consistent if it can be instantiated without violating any of the constraints in the diagram (e.g., association end multiplicities)."
68,Class,Horizontal,Syntactic,"Two classes are equivalent if they denote the same set of instances whenever the constraints imposed by the class diagram are satisfied. Determining equivalence of two classes allows their merging, thus reducing the complexity of the diagram."
69,Class,Vertical,Semantic,"A class relationship at a (low) level of abstraction must have an abstraction at a higher level of abstraction, either a class or a relation."
70,Class,Vertical,Semantic,"If a class relationship A refines relation B, A must have the same destinations classes as the destination classes of the abstraction of B."
71,Class,Vertical,Semantic,"If a class relationship A refines relation B, A must have the same type as B."
72,Class,Vertical,Semantic,The group of relationships between any two high level classes must be identical with the group of relationships between their corresponding low-level classes: ensures the same interactions among low level classes and high-level classes.
73,Class,Horizontal,Syntactic,"If a navigation expression is used in an operation contract, then the expression must be a legal one (according to the syntax of the language and the class diagram)."
74,Class,Observation,Semantic,Objects of a superclass should be replaceable with objects of its subclasses without breaking the application
75,Class,Horizontal,Syntactic,"A class that realizes an interface must declare all the operations in the interface with the same signatures (including parameter direction, default values, concurrency, polymorphic property, query characteristic)."
76,Class,Horizontal,Syntactic,An abstract operation can only belong to an abstract class.
77,Class,Horizontal,Syntactic,If an operation appears in a pre or post condition then it must have the property isQuery equal to true.
78,Class,Horizontal,Syntactic,"No (public) method of a class violates, as indicated by its pre and post-conditions, the class invariant of that class."
79,Class,Horizontal,Syntactic,"In a class, the names of the association ends (on the opposite side of associations from this class) and the names of the attributes (of the class) are different."
80,Class,Horizontal,Syntactic,No precondition should violate the class invariant.
81,Class,Horizontal,Syntactic,No post-condition should violate the class invariant.
82,Class,Horizontal,Syntactic,A class that contains an abstract operation must be abstract.
83,Class,Horizontal,Syntactic,There must be no cycle in the directed path of aggregation associations: A class cannot be a part of an aggregation in which it is the whole; A class cannot be a part of an aggregation in which its superclass (or ancestor) is the whole.
84,Class,Horizontal,Syntactic,A class cannot be a part of more than one composition - no composite part may be shared by two composite classes.
85,Class,Horizontal,Syntactic,"Each concrete class, i.e., it is not abstract, must implement all the abstract operations of its superclass(es)."
86,Class,Horizontal,Syntactic,"If an attribute's type is a class, then that class has to be visible to the class containing the attribute. Example: same package or there exists a path in the class diagram that allows the class containing the attribute to have a hold on that type."
87,Class,Horizontal,Syntactic,"If the return type of an operation is a class, then that class has to be visible to the class containing the operation. Example: same package or there exists a path in the class diagram that allows the class containing the operation to have a hold on that type."
88,Class,Horizontal,Syntactic,An operation may not be overridden by a descendant class only if its isLeaf attribute (from metaclass RedefinableElement) is defined accordingly
89,Class,Horizontal,Syntactic,"A static operation cannot access an instance attribute (as indicated by its pre and post conditions, for instance)."
90,Class,Horizontal,Syntactic,"A static operation cannot invoke an instance operation (as indicated by its pre and post conditions, for instance)."
91,Class,Horizontal,Syntactic,"If an association end has a private visibility, then the class at this end can only be accessed via the association by the class at the other association end (e.g., as indicated by pre and post conditions of operations of the class at this other end of the association)."
92,Class,Horizontal,Syntactic,"If an association end has a protected visibility, then the class at this end can only be accessed via the association, by the class at the other association end and its descendants (e.g., as indicated by pre and post conditions of operations of the class at this other end of the association)."
93,Class,Horizontal,Semantic,"The multiplicity range for an attribute must be adhered to by all elements (operation contracts, guard conditions) that access it."
94,Class,Horizontal,Syntactic,"For class A's operations to use another class B, as indicated by contracts in A, there must be a means (e.g., in the form of a path involving associations, generalization and/or dependencies) in the class diagram for A to get a hold on B."
95,Class,Vertical,Syntactic,A class at a low-level of abstraction refines at most one class from a higher-level of abstraction.
96,Class,Vertical,Syntactic,A class at a high-level of abstraction is refined by at least one class from a lower-level of abstraction.
97,Class,Horizontal,Syntactic,"There should not be semantically redundant paths between any two classes in the class diagram graph, unless precisely specified by a constraint (e.g., specified in OCL). For instance, from class A, it may be possible to navigate as self.theA.theB, along with self.theC.theB. The question is then whether the two collections self.theA.theB and self.theC.theB are identical."
98,Multiple,Horizontal,Syntactic,"Each interaction diagram corresponds to a use case in the use case diagram, and each use case in the use case diagram is specifed by an interaction diagram"
99,Multiple,Horizontal,Syntactic,"If a use case is further specified by one or more interaction diagrams, then every scenario described in one of those interaction diagrams should match a sequence of steps in that use case's use case description."
100,Composite,Horizontal,Syntactic,"A delegation connector connects a port on the boundary of a classifier to a port on the internal structure (or parts) of the classifier. It basically delegates signals or operation calls arriving on the boundary port to the internal port, or those coming from the internal port to the boundary port. Therefore, these ports at the end of the delegation connector must have the same (or compatible) interfaces. If both ports require the interface, then the direction of delegation is from the boundary port to the internal port. If both ports provide the interface, then the direction of delegation is from the internal port to the boundary port."
101,Composite,Horizontal,Syntactic,"If an assembly connector exists between two ports, one of the ports (the source) must be a required port and the other (the destination) must be a provided port. This rule describes the opposite case of delegation, where both ports at the end of an assembly connector have conjugate interfaces (one port requires an interface; the other provides the same interface). What matters is that the two ports must either have the same interface but one of them is marked as isConjugate, while the other is not, or they should have conjugate interfaces (i.e., ones that have the same operations or signal receptions that are annotated as provided on one interface and required on the other)."
102,Composite,Horizontal,Syntactic,"If a connector is typed with an association, the direction of the association must conform to the direction of the connector as derived from the direction of the ports at its ends (association navigable from class A to class B if the connector between A and B indicates that A requires services that B provides). Given that the direction of associations and connectors (however, it is calculated) could be encoded using the order of their 'memberEnd' and 'end' collection, respectively, the rule is basically saying that such direction should be the same in both cases, if a connector is typed by an association."
103,Composite,Horizontal,Syntactic,"If a link outgoing from a port is statically typed with an association, then the association must be navigable to an interface which is part of the set of interfaces and the type indicated by the association must belong to the set of transported interfaces for that link."
104,Composite,Horizontal,Syntactic,"If the link originates from a component, then the link must be statically typed with an association, and the type of the entity at the other end of the link must be compatible with (i.e. be equal or a subtype of) the type at the corresponding end of the association."
105,Composite,Horizontal,Syntactic,The set of transported interfaces by a link should not be empty.
106,Composite,Horizontal,Syntactic,"If several non-typed connectors start from one port, then the sets of interfaces transported by each of these connectors have to be pair wise disjoint."
107,Composite,Horizontal,Syntactic,The union of the sets of interfaces transported by each of the connectors originating from a port P must be equal to the set of interfaces provided/required by P..
108,Class and Seq,Horizontal,Syntactic,The type of a lifeline (type of the connectable element of the lifeline) in a sequence diagram must not be an interface nor an abstract class
109,Class and Seq,Horizontal,Syntactic,"In case a message in a sequence diagram is referring to an operation, that operation must not be abstract."
110,Class and Seq,Horizontal,Syntactic,"If a message in a sequence diagram refers to an operation, through the signature of the message, then that operation must belong, as per the class diagram, to the class that types the target lifeline of the message."
111,Class and Seq,Horizontal,Syntactic,"Interactions between objects in a sequence diagram, specifically the numbers of types of interacting objects, must comply with the multiplicity restrictions specified by the class diagram (e.g., association end multiplicities)."
112,Class and Seq,Horizontal,Syntactic,"In order for objects to exchange messages in a sequence diagram, the sending object must have a handle to the receiving object as specified in the class diagram. Another way of saying this is that the sender must have visibility to the receiver. A specific case of this situation is when the sending object's class has an association (possibly inherited) to the receiving object's class."
113,Class and Seq,Horizontal,Syntactic,"The behavioral semantics of a composition or aggregation association in the class diagram must be inferred in sequence diagrams. For instance, in a whole-part(composition) relation, the part should not outlive the whole."
114,Class and Seq,Horizontal,Syntactic,Each public method in a class diagram triggers a message in at least one sequence diagram.
115,Class and Seq,Horizontal,Syntactic,Each class in the class diagram must be instantiated in a sequence diagram.
116,Class and Seq,Horizontal,Syntactic,"No operation can be used in a message of a sequence diagram if this breaks the visibility rules of the class diagram (public, protected, private)."
117,St,Invocation,Semantic,"The joint effect of a sequence of refined operations should exactly adheres to the refined abstract operation. I.e. if u = operation if u1 + u2 + u3 refine u, - > the joint effect of u1 + u2 + u3 should exactly adheres to u."
118,Class,Horizontal,Syntactic, Parent Class should not have a Method with a Parameter referring to a Child Class.
119,Class,Horizontal,Syntactic,A Class should not have an Attribute which as a Class typed as Child Class.